country,domestic_type_retained,total_country_type,total_country_museum,total_type_world,prop_DC,prop_DR,prop_WC,region,native_richness,records,records_per_area,yearsSinceIndependence,e_migdppc,n.museums,native.beta,type.beta,native.success,native.fail,type.success,type.fail,type.richness.pad,years.independence,native.richness.pad,records.per.area.pad,years.independence.pad,years.independence.fac,gdp.pad,n.museums.pad,colonization,type.beta.model,native.beta.model,prop_DC.pad,prop_DR.pad,success.DC,failures.DC,success.DR,failures.DR
AFG,0,20,0,20246,0,0,0,South Asia,44,75232,0.11715058970821356,104,2086,0,1,0,6,0,0,0,0,104,-0.3585225439080108,-0.37079440733329516,0.9390076671416157,1,-0.7227505385933348,-0.4600622806956379,1,0.004310344827586207,0.9956896551724138,0.004310344827586207,0.004310344827586207,0,0,0,20
ALB,0,9,0,20246,0,0,0,Europe & Central Asia,18,11090,0.3913749294184077,undefined,3687,0,1,0,3,0,0,0,0,0,-0.4197966410591731,-0.36595345446769784,-0.8494654140703279,0,-0.5230083681919352,-0.4600622806956379,0,0.004310344827586207,0.9956896551724138,0.004310344827586207,0.004310344827586207,0,0,0,9
ARG,140,250,141,20246,0.9929078014184397,0.56,0.006964338634792058,Latin America & Caribbean,477,2740133,0.9841350052760006,207,13664,25,0.18823529411764703,0.01428571428571428,16,69,1,69,141,207,0.6619268432632686,-0.35548930824761,2.7102838918034444,1,0.721730941049017,0.8290011144902074,1,0.01847290640394088,0.1909229208924949,0.9886585962337979,0.5594827586206897,140,1,140,110
ARM,0,6,0,20246,0,0,0,Europe & Central Asia,7,53555,1.8100243341895363,32,5172,0,1,0,3,0,0,0,0,32,-0.44572029754620324,-0.3409096713062083,-0.299166004466653,1,-0.33773845998076807,-0.4600622806956379,1,0.004310344827586207,0.9956896551724138,0.004310344827586207,0.004310344827586207,0,0,0,6
AUS,218,318,342,20246,0.6374269005847953,0.6855345911949685,0.016892225624814777,East Asia & Pacific,232,63544355,8.261982726956543,122,26671,19,0.22777777777777777,0.3623853211009174,41,139,79,139,342,122,0.08453631241577791,-0.2270115887976003,1.2485510850436827,1,2.3444957195693203,0.5196258996456046,1,0.36357165453970264,0.23012452107279693,0.6362421859245816,0.6839351550639774,218,124,218,100
AUT,13,18,867,20246,0.014994232987312572,0.7222222222222222,0.042823273733083075,Europe & Central Asia,7,3481488,41.44973985927399,undefined,21853,5,0.5,0.9962406015037594,1,1,265,1,867,0,-0.44572029754620324,0.358860431761296,-0.8494654140703279,0,1.7433977951508672,-0.20224960165846884,0,0.9919626652838993,0.5,0.01917531718569781,0.7203065134099617,13,854,13,5
AZE,0,18,0,20246,0,0,0,Europe & Central Asia,10,83212,0.964776811594203,32,6827,4,1,0,3,0,0,0,0,32,-0.43865020941337685,-0.35583104342427496,-0.299166004466653,1,-0.13125920200805324,-0.25381213746590264,1,0.004310344827586207,0.9956896551724138,0.004310344827586207,0.004310344827586207,0,0,0,18
BDI,0,191,0,20246,0,0,0,Sub-Saharan Africa,272,63581,2.3512813875226515,61,1011,1,1,0,3,0,0,0,0,61,0.1788041541867968,-0.3313547212017544,0.19954283548667742,1,-0.8568684856148867,-0.4084997448882041,1,0.004310344827586207,0.9956896551724138,0.004310344827586207,0.004310344827586207,0,0,0,191
BEN,0,15,0,20246,0,0,0,Sub-Saharan Africa,11,594526,5.120236321514386,63,1630,1,1,0,3,0,0,0,0,63,-0.4362935133691014,-0.2824736469084105,0.23393654858690713,1,-0.7796415003066629,-0.4084997448882041,1,0.004310344827586207,0.9956896551724138,0.004310344827586207,0.004310344827586207,0,0,0,15
BFA,1,9,1,20246,1,0.1111111111111111,4.9392472587177715e-5,Sub-Saharan Africa,2,163153,0.5981361518354358,63,1512,1,0.5,0,1,1,0,0,1,63,-0.4575037777675806,-0.36230344537947495,0.23393654858690713,1,-0.7943632842587961,-0.4084997448882041,1,0.004310344827586207,0.5,0.9956896551724138,0.11446360153256704,1,0,1,8
BGD,3,25,3,20246,1,0.12,1.4817741776153315e-4,South Asia,92,80285,0.5864328288435693,undefined,1390,4,0.9166666666666666,0,11,1,0,0,3,0,-0.24540113378278813,-0.36251004715317003,-0.8494654140703279,0,-0.8095841117347303,-0.25381213746590264,0,0.004310344827586207,0.9130747126436781,0.9956896551724138,0.12327586206896551,3,0,3,22
BGR,7,15,7,20246,1,0.4666666666666667,3.45747308110244e-4,Europe & Central Asia,11,211331,1.8741497503569495,undefined,10591,4,0,0,0,1,0,0,7,0,-0.4362935133691014,-0.3397776488260691,-0.8494654140703279,0,0.3383407538888039,-0.25381213746590264,0,0.004310344827586207,0.004310344827586207,0.9956896551724138,0.46695402298850575,7,0,7,8
BIH,0,17,0,20246,0,0,0,Europe & Central Asia,22,9936,0.19171474328052945,undefined,6471,0,1,0,4,0,0,0,0,0,-0.41036985688207117,-0.3694781071343843,-0.8494654140703279,0,-0.17567407562635323,-0.4600622806956379,0,0.004310344827586207,0.9956896551724138,0.004310344827586207,0.004310344827586207,0,0,0,17
BLR,0,1,0,20246,0,0,0,Europe & Central Asia,1,47222,0.22757700037108616,undefined,11506,0,1,0,1,0,0,0,0,0,-0.4598604738118561,-0.3688450214775356,-0.8494654140703279,0,0.4524969599583109,-0.4600622806956379,0,0.004310344827586207,0.9956896551724138,0.004310344827586207,0.004310344827586207,0,0,0,1
BOL,23,177,25,20246,0.92,0.12994350282485875,0.0012348118146794428,Latin America & Caribbean,762,848979,0.7811652624053309,198,2240,6,0.7285714285714285,0,51,19,0,0,25,198,1.333585215881778,-0.35907238537131725,2.5555121828524108,1,-0.7035373629269915,-0.15068706585103503,1,0.004310344827586207,0.7266009852216748,0.9163793103448277,0.13313364504188582,23,2,23,154
BRA,2171,3532,2191,20246,0.9908717480602465,0.6146659116647791,0.10821890743850637,Latin America & Caribbean,3646,11713425,1.3824951284541946,201,5832,75,0.21144389807778272,0.00563697857948139,473,1764,10,1764,2191,201,8.13029660757224,-0.3484569544387643,2.607102752502755,1,-0.2553962785535827,3.4071279048618983,1,0.009898728764141034,0.21393145068056044,0.986640095059727,0.6136774124262897,2171,20,2171,1361
CAF,0,36,0,20246,0,0,0,Sub-Saharan Africa,29,55762,0.09023210956917976,63,1065,0,1,0,9,0,0,0,0,63,-0.39387298457214287,-0.3712696061931203,0.23393654858690713,1,-0.8501313980435716,-0.4600622806956379,1,0.004310344827586207,0.9956896551724138,0.004310344827586207,0.004310344827586207,0,0,0,36
CAN,7,36,51,20246,0.13725490196078433,0.19444444444444445,0.0025190161019460634,North America,39,51964152,5.22487614533889,156,28799,10,0.7142857142857143,0.9230769230769232,5,2,24,2,51,156,-0.3703060241293881,-0.28062641315981557,1.8332442077475872,1,2.609986874231518,0.055563077378700226,1,0.9194297082228119,0.7124384236453202,0.1403820148749155,0.19707854406130268,7,44,7,29
CHE,35,45,221,20246,0.1583710407239819,0.7777777777777778,0.010915736441766275,Europe & Central Asia,30,8734666,210.79896708176463,undefined,32877,6,0.05,0.8416666666666667,1,19,101,19,221,0,-0.3915162885278674,3.3484259374191976,-0.8494654140703279,0,3.118761746746763,-0.15068706585103503,0,0.8387212643678161,0.05387931034482758,0.16131611795912,0.775383141762452,35,186,35,10
CHL,10,40,11,20246,0.9090909090909091,0.25,5.433171984589549e-4,Latin America & Caribbean,38,1589818,2.158339815882041,205,7443,11,0.6551724137931034,0.09090909090909093,19,10,1,10,11,205,-0.37266272017366364,-0.33476076843707114,2.6758901787032148,1,-0.05440649934268023,0.10712561318613403,1,0.09443573667711601,0.6538347205707491,0.905564263322884,0.2521551724137931,10,1,10,30
CHN,806,1330,820,20246,0.9829268292682927,0.606015037593985,0.04050182752148573,East Asia & Pacific,1197,2556017,0.272653708305781,undefined,2509,99,0.27765726681127983,0.01186943620178041,256,666,8,666,820,0,2.3587479951416084,-0.3680492707477544,-0.8494654140703279,0,-0.6699766859513661,4.64462876424031,0,0.0160774583034892,0.2795740145111826,0.9787636669470142,0.6051011148561058,806,14,806,524
CIV,0,53,0,20246,0,0,0,Sub-Saharan Africa,41,269345,0.8399261562257349,63,2608,1,1,0,16,0,0,0,0,63,-0.3655926320408372,-0.35803506418521985,0.23393654858690713,1,-0.6576253587372882,-0.4084997448882041,1,0.004310344827586207,0.9956896551724138,0.004310344827586207,0.004310344827586207,0,0,0,53
CMR,0,301,0,20246,0,0,0,Sub-Saharan Africa,260,396358,0.8536329549296927,63,2229,0,1,0,150,0,0,0,0,63,0.15052380165549112,-0.3577930945390017,0.23393654858690713,1,-0.7049097326174447,-0.4600622806956379,1,0.004310344827586207,0.9956896551724138,0.004310344827586207,0.004310344827586207,0,0,0,301
COD,0,634,0,20246,0,0,0,Sub-Saharan Africa,750,273085,0.11744379074848188,63,1530,0,1,0,325,0,0,0,0,63,1.3053048633504725,-0.37078923137984926,0.23393654858690713,1,-0.792117588401691,-0.4600622806956379,1,0.004310344827586207,0.9956896551724138,0.004310344827586207,0.004310344827586207,0,0,0,634
COG,0,273,0,20246,0,0,0,Sub-Saharan Africa,286,53931,0.15637205013787048,63,2409,2,1,0,185,0,0,0,0,63,0.2117978988066534,-0.3701020207951034,0.23393654858690713,1,-0.6824527740463942,-0.3569372090807703,1,0.004310344827586207,0.9956896551724138,0.004310344827586207,0.004310344827586207,0,0,0,273
COL,220,595,228,20246,0.9649122807017544,0.3697478991596639,0.01126148374987652,Latin America & Caribbean,1488,5175280,4.559244060969872,204,6621,31,0.527363184079602,0.03061224489795918,212,190,6,190,228,204,3.04454654402577,-0.2923769877064263,2.6586933221530997,1,-0.1569599434838111,1.1383763293348104,1,0.03465869106263194,0.5271272945616744,0.9609044162129462,0.3708707620979427,220,8,220,375
CRI,3,77,3,20246,1,0.03896103896103896,1.4817741776153315e-4,Latin America & Caribbean,100,8963809,175.2660918191772,undefined,7945,1,1,0,20,0,0,0,3,0,-0.22654756542858437,2.7211549427761903,-0.8494654140703279,0,0.008223462894360767,-0.4084997448882041,0,0.004310344827586207,0.9956896551724138,0.9956896551724138,0.04293551276309897,3,0,3,74
DEU,16,31,1101,20246,0.014532243415077202,0.5161290322580645,0.054381112318482666,Europe & Central Asia,11,24829862,69.42037162332178,undefined,24887,38,0.2,0.9908466819221968,1,4,433,4,1101,0,-0.4362935133691014,0.8526331950901579,-0.8494654140703279,0,2.1219223079540193,1.499314079986847,0,0.9866152450090744,0.2025862068965517,0.018717310282188603,0.5159899888765295,16,1085,16,15
DOM,0,11,0,20246,0,0,0,Latin America & Caribbean,12,310570,6.411436829066886,undefined,5093,1,1,0,5,0,0,0,0,0,-0.43393681732482586,-0.25967975194014176,-0.8494654140703279,0,-0.3475945695758403,-0.4084997448882041,0,0.004310344827586207,0.9956896551724138,0.004310344827586207,0.004310344827586207,0,0,0,11
ECU,19,198,20,20246,0.95,0.09595959595959595,9.878494517435543e-4,Latin America & Caribbean,676,3127389,12.263597292697655,undefined,5025,4,0.8157894736842105,0,62,14,0,0,20,0,1.1309093560740875,-0.1563700566873842,-0.8494654140703279,0,-0.3560783094804594,-0.25381213746590264,0,0.004310344827586207,0.8130671506352086,0.9461206896551724,0.09944270289097874,19,1,19,179
EGY,0,69,0,20246,0,0,0,Middle East & North Africa,8,171677,0.1714919601749712,101,4418,2,1,0,4,0,0,0,0,101,-0.4433636015019278,-0.3698351051307279,0.8874170974912711,1,-0.43180816421727986,-0.3569372090807703,1,0.004310344827586207,0.9956896551724138,0.004310344827586207,0.004310344827586207,0,0,0,69
ESP,14,30,36,20246,0.3888888888888889,0.4666666666666667,0.0017781290131383977,Europe & Central Asia,34,19913217,39.28555054016304,undefined,14597,15,0.3333333333333333,0.6428571428571429,5,10,18,10,36,0,-0.3820895043507655,0.32065544055913886,-0.8494654140703279,0,0.8381328429756291,0.3133757564158693,0,0.6416256157635468,0.3347701149425287,0.38984674329501917,0.46695402298850575,14,22,14,16
ETH,0,92,0,20246,0,0,0,Sub-Saharan Africa,50,341900,0.3032706035963157,undefined,979,0,1,0,42,0,0,0,0,0,-0.34438236764235797,-0.3675087828131347,-0.8494654140703279,0,-0.8608608338052958,-0.4600622806956379,0,0.004310344827586207,0.9956896551724138,0.004310344827586207,0.004310344827586207,0,0,0,92
FRA,26,33,1485,20246,0.017508417508417508,0.7878787878787878,0.07334782179195891,Europe & Central Asia,25,65473961,102.82377006057236,undefined,23348,17,0.15384615384615383,0.9721518987341772,2,11,384,11,1485,0,-0.4032997687492448,1.4423119871200345,-0.8494654140703279,0,1.9299153121715371,0.4165008280307369,0,0.9680816237450894,0.15683023872679042,0.02166782770231046,0.7853970741901777,26,1459,26,7
GAB,0,186,0,20246,0,0,0,Sub-Saharan Africa,241,328832,1.264894140817331,63,10415,1,1,0,90,0,0,0,0,63,0.10574657681425716,-0.3505329949488788,0.23393654858690713,1,0.3163828388415545,-0.4084997448882041,1,0.004310344827586207,0.9956896551724138,0.004310344827586207,0.004310344827586207,0,0,0,186
GBR,11,12,2666,20246,0.004126031507876969,0.9166666666666666,0.1316803319174158,Europe & Central Asia,9,68943587,282.80719738455923,undefined,23075,24,0,0.9905149051490516,0,7,731,7,2666,0,-0.4410069054576523,4.619605764852831,-0.8494654140703279,0,1.8958555916721105,0.7774385786827737,0,0.9862863283805252,0.004310344827586207,0.008400807098326305,0.9130747126436781,11,2655,11,1
GEO,5,29,8,20246,0.625,0.1724137931034483,3.951397806974217e-4,Europe & Central Asia,49,403272,5.796553161518449,32,5242,1,1,0,2,0,0,0,8,32,-0.34673906368663343,-0.2705344516198761,-0.299166004466653,1,-0.3290051983142484,-0.4084997448882041,1,0.004310344827586207,0.9956896551724138,0.6239224137931034,0.17523781212841855,5,3,5,24
GHA,0,52,0,20246,0,0,0,Sub-Saharan Africa,31,288179,1.20744210601293,66,2301,0,1,0,14,0,0,0,0,66,-0.38915959248359194,-0.35154721050981214,0.28552711823725163,1,-0.6959269491890244,-0.4600622806956379,1,0.004310344827586207,0.9956896551724138,0.004310344827586207,0.004310344827586207,0,0,0,52
GIN,0,82,0,20246,0,0,0,Sub-Saharan Africa,72,74203,0.3037347217787821,65,1347,0,1,0,32,0,0,0,0,65,-0.2925350546682976,-0.3675005896153764,0.2683302616871368,1,-0.8149488296155923,-0.4600622806956379,1,0.004310344827586207,0.9956896551724138,0.004310344827586207,0.004310344827586207,0,0,0,82
GMB,0,25,0,20246,0,0,0,Sub-Saharan Africa,10,179959,17.13732025521379,58,2119,0,1,0,1,0,0,0,0,58,-0.43865020941337685,-0.07033297053210681,0.1479522658363329,1,-0.7186334295219755,-0.4600622806956379,1,0.004310344827586207,0.9956896551724138,0.004310344827586207,0.004310344827586207,0,0,0,25
GNQ,0,23,0,20246,0,0,0,Sub-Saharan Africa,46,66583,2.4963632273545295,55,2958,0,1,0,11,0,0,0,0,55,-0.3538091518194598,-0.32879355413313277,0.09636169618598837,1,-0.6139590504046899,-0.4600622806956379,1,0.004310344827586207,0.9956896551724138,0.004310344827586207,0.004310344827586207,0,0,0,23
GRC,5,35,5,20246,1,0.14285714285714285,2.469623629358886e-4,Europe & Central Asia,44,803404,6.116373436465098,undefined,15302,5,0.8695652173913043,0,20,3,0,0,5,0,-0.3585225439080108,-0.264888581971269,-0.8494654140703279,0,0.9260892640455771,-0.20224960165846884,0,0.004310344827586207,0.8663793103448276,0.9956896551724138,0.14593596059113298,5,0,5,30
GTM,0,101,0,20246,0,0,0,Latin America & Caribbean,111,859921,7.902886656679933,undefined,3710,0,1,0,23,0,0,0,0,0,-0.20062390894155419,-0.2333508041723823,-0.8494654140703279,0,-0.5201388679300787,-0.4600622806956379,0,0.004310344827586207,0.9956896551724138,0.004310344827586207,0.004310344827586207,0,0,0,101
HND,0,7,0,20246,0,0,0,Latin America & Caribbean,52,1081297,9.634051159599776,undefined,3238,1,1,0,3,0,0,0,0,0,-0.33966897555380704,-0.20279011152895438,-0.8494654140703279,0,-0.5790260037386112,-0.4084997448882041,0,0.004310344827586207,0.9956896551724138,0.004310344827586207,0.004310344827586207,0,0,0,7
HRV,5,19,5,20246,1,0.2631578947368421,2.469623629358886e-4,Europe & Central Asia,38,94190,1.7101512428055266,undefined,15762,7,0.6153846153846154,0,8,5,0,0,5,0,-0.37266272017366364,-0.34267275669987696,-0.8494654140703279,0,0.9834792692827063,-0.09912453004360122,0,0.004310344827586207,0.6143899204244032,0.9956896551724138,0.26519963702359345,5,0,5,14
HTI,0,16,0,20246,0,0,0,Latin America & Caribbean,16,97750,3.6349100104120184,219,2297,0,1,0,8,0,0,0,0,219,-0.424510033147724,-0.30869449466276044,2.9166461704048223,1,-0.6964259927128256,-0.4600622806956379,1,0.004310344827586207,0.9956896551724138,0.004310344827586207,0.004310344827586207,0,0,0,16
IDN,307,898,314,20246,0.9777070063694268,0.3418708240534521,0.015509236392373803,East Asia & Pacific,714,958866,0.5100820447839083,74,2691,11,0.48132780082987553,0.0079365079365079309,232,250,2,250,314,74,1.2204638057565553,-0.3638578872000267,0.4231019706381704,1,-0.6472702056184149,0.10712561318613403,1,0.01217843459222769,0.48148876806410074,0.9735888425214144,0.3432340066047155,307,7,307,591
IND,599,872,716,20246,0.8365921787709497,0.6869266055045872,0.035365010372419244,South Asia,767,6159603,1.9545285792072984,76,1356,85,0.16366906474820145,0.10748560460652593,91,465,56,465,716,76,1.3453686961031555,-0.33835870066753704,0.45749568373840005,1,-0.8138259816870399,3.9227532629362365,1,0.11086934939440071,0.1665684693624411,0.833690522057407,0.6853151692502373,599,117,599,273
IRL,1,10,1,20246,1,0.1,4.9392472587177715e-5,Europe & Central Asia,3,2037265,29.336381308949527,undefined,15227,1,1,0,3,0,0,0,1,0,-0.45514708172330515,0.1450201947926397,-0.8494654140703279,0,0.916732197974306,-0.4084997448882041,0,0.004310344827586207,0.9956896551724138,0.9956896551724138,0.10344827586206896,1,0,1,9
IRN,60,154,60,20246,1,0.38961038961038963,0.002963548355230663,Middle East & North Africa,180,189743,0.11694411744765829,undefined,6368,8,0.5058823529411764,0,43,42,0,0,60,0,-0.03801188188654662,-0.3707980522412653,-0.8494654140703279,0,-0.18852444636423216,-0.0475619942361674,0,0.004310344827586207,0.5058316430020283,0.9956896551724138,0.39056202418271385,60,0,60,94
IRQ,0,35,0,20246,0,0,0,Middle East & North Africa,55,23589,0.05393411025523186,91,7964,0,1,0,3,0,0,0,0,91,-0.3325988874209806,-0.3719103841196166,0.7154485319901227,1,0.010593919632416102,-0.4600622806956379,1,0.004310344827586207,0.9956896551724138,0.004310344827586207,0.004310344827586207,0,0,0,35
ISL,2,3,2,20246,1,0.6666666666666666,9.878494517435543e-5,Europe & Central Asia,3,1042072,10.177478269362243,undefined,28908,3,0.3333333333333333,0,1,2,0,0,2,0,-0.45514708172330515,-0.19319685285969082,-0.8494654140703279,0,2.623585810255099,-0.3053746732733365,0,0.004310344827586207,0.3347701149425287,0.9956896551724138,0.6652298850574712,2,0,2,1
ISR,6,13,7,20246,0.8571428571428571,0.46153846153846156,3.45747308110244e-4,Middle East & North Africa,19,1505995,68.76375507967673,75,20323,4,0.3333333333333333,0,1,2,0,0,7,75,-0.41743994501489756,0.8410417742049205,0.4402988271882852,1,1.5525136472969374,-0.25381213746590264,1,0.004310344827586207,0.3347701149425287,0.854064039408867,0.461870026525199,6,1,6,7
ITA,8,56,178,20246,0.0449438202247191,0.14285714285714285,0.008791860120517633,Europe & Central Asia,31,1206252,4.0050201703272075,undefined,23116,21,0.7142857142857143,0.9384615384615383,10,4,61,4,178,0,-0.38915959248359194,-0.30216084472810617,-0.8494654140703279,0,1.900970787791072,0.6227509712604722,0,0.9346816976127319,0.7124384236453202,0.048866718326230144,0.14593596059113298,8,170,8,48
JAM,0,9,0,20246,0,0,0,Latin America & Caribbean,5,311173,28.20384301640532,61,5288,0,1,0,4,0,0,0,0,61,-0.45043368963475416,0.12502720475213241,0.19954283548667742,1,-0.3232661977905355,-0.4600622806956379,1,0.004310344827586207,0.9956896551724138,0.004310344827586207,0.004310344827586207,0,0,0,9
JOR,0,8,0,20246,0,0,0,Middle East & North Africa,15,32812,0.3692425418903256,77,4048,0,1,0,1,0,0,0,0,77,-0.42686672919199947,-0.3663441632025235,0.47469254028851493,1,-0.47796969016888374,-0.4600622806956379,1,0.004310344827586207,0.9956896551724138,0.004310344827586207,0.004310344827586207,0,0,0,8
JPN,42,130,77,20246,0.5454545454545454,0.3230769230769231,0.003803220389212684,East Asia & Pacific,97,6215039,16.63964091799908,undefined,23400,76,0.4576271186440678,0.2195121951219512,27,32,9,32,77,0,-0.2336176535614108,-0.07911863199521496,-0.8494654140703279,0,1.9364028779809517,3.4586904406693324,0,0.22193019343986542,0.45799240210403275,0.5450626959247649,0.3246021220159151,42,35,42,88
KEN,4,93,4,20246,1,0.043010752688172046,1.9756989034871086e-4,Sub-Saharan Africa,238,1172085,2.001159290630234,60,2078,1,0.8918918918918919,0,33,4,0,0,4,60,0.09867648868143075,-0.3375355167141131,0.1823459789365626,1,-0.7237486256409371,-0.4084997448882041,1,0.004310344827586207,0.8885135135135135,0.9956896551724138,0.046950315164998146,4,0,4,89
KGZ,0,10,0,20246,0,0,0,Europe & Central Asia,13,43982,0.22102618222021217,32,3354,0,1,0,6,0,0,0,0,32,-0.4315801212805504,-0.36896066475680467,-0.299166004466653,1,-0.5645537415483787,-0.4600622806956379,1,0.004310344827586207,0.9956896551724138,0.004310344827586207,0.004310344827586207,0,0,0,10
KHM,0,50,0,20246,0,0,0,East Asia & Pacific,208,210083,1.1602949298575056,70,1022,2,1,0,12,0,0,0,0,70,0.02797560735316659,-0.35237951174811805,0.354314544437711,1,-0.8554961159244336,-0.3569372090807703,1,0.004310344827586207,0.9956896551724138,0.004310344827586207,0.004310344827586207,0,0,0,50
KOR,23,45,25,20246,0.92,0.5111111111111111,0.0012348118146794428,East Asia & Pacific,61,2598268,26.36657736645559,undefined,10732,18,0.40540540540540543,0.04347826086956521,15,22,1,22,25,0,-0.31845871115532776,0.09259348124535992,-0.8494654140703279,0,0.35593203810279356,0.46806336383817077,0,0.047413793103448267,0.40622087604846224,0.9163793103448277,0.511015325670498,23,2,23,22
LAO,0,157,0,20246,0,0,0,East Asia & Pacific,339,75711,0.33189983955390723,70,1379,4,1,0,99,0,0,0,0,70,0.3367027891532534,-0.3670033835404252,0.354314544437711,1,-0.8109564814251834,-0.25381213746590264,1,0.004310344827586207,0.9956896551724138,0.004310344827586207,0.004310344827586207,0,0,0,157
LBN,0,2,0,20246,0,0,0,Middle East & North Africa,4,29358,2.9358,80,11138,0,1,0,1,0,0,0,0,80,-0.4527903856790297,-0.32103606365641174,0.5262831099388594,1,0.4065849557686076,-0.4600622806956379,1,0.004310344827586207,0.9956896551724138,0.004310344827586207,0.004310344827586207,0,0,0,2
LBR,0,63,0,20246,0,0,0,Sub-Saharan Africa,45,85432,0.8964721190371254,undefined,838,0,1,0,16,0,0,0,0,0,-0.35616584786373534,-0.35703684374643957,-0.8494654140703279,0,-0.8784521180192854,-0.4600622806956379,0,0.004310344827586207,0.9956896551724138,0.004310344827586207,0.004310344827586207,0,0,0,63
LKA,32,68,35,20246,0.9142857142857143,0.47058823529411764,0.00172873654055122,South Asia,66,286499,4.321838560287218,75,2910,7,0.5,0.04347826086956521,22,22,1,22,35,75,-0.3066752309339504,-0.2965679681279776,0.4402988271882852,1,-0.6199475726903034,-0.09912453004360122,1,0.047413793103448267,0.5,0.9107142857142857,0.470841784989858,32,3,32,36
MAR,0,31,0,20246,0,0,0,Middle East & North Africa,23,490924,0.8296208670964688,67,4509,0,1,0,18,0,0,0,0,67,-0.4080131608377957,-0.3582169861072267,0.30272397478736646,1,-0.4204549240508043,-0.4600622806956379,1,0.004310344827586207,0.9956896551724138,0.004310344827586207,0.004310344827586207,0,0,0,31
MDG,0,87,0,20246,0,0,0,Sub-Saharan Africa,79,1306581,1.5204052723176342,63,1127,4,1,0,75,0,0,0,0,63,-0.2760381823583693,-0.3460223911653648,0.23393654858690713,1,-0.8423962234246541,-0.25381213746590264,1,0.004310344827586207,0.9956896551724138,0.004310344827586207,0.004310344827586207,0,0,0,87
MEX,60,481,60,20246,1,0.12474012474012475,0.002963548355230663,Latin America & Caribbean,392,12245686,6.2546695426149235,202,10050,24,0.8350515463917526,0,243,48,0,0,60,202,0.46160767949985343,-0.2624472052062653,2.62429960905287,1,0.270845117294702,0.7774385786827737,1,0.004310344827586207,0.8321631709918238,0.9956896551724138,0.12797512366477884,60,0,60,421
MLI,0,15,0,20246,0,0,0,Sub-Saharan Africa,6,72006,0.05747954058515682,63,910,0,1,0,2,0,0,0,0,63,-0.4480769935904787,-0.37184779572526194,0.23393654858690713,1,-0.8694693345908652,-0.4600622806956379,1,0.004310344827586207,0.9956896551724138,0.004310344827586207,0.004310344827586207,0,0,0,15
MMR,2,289,2,20246,1,0.006920415224913495,9.878494517435543e-5,East Asia & Pacific,331,104989,0.1583164821709424,75,1144,2,0.9893048128342246,0,185,2,0,0,2,75,0.31784922079904965,-0.3700676952358463,0.4402988271882852,1,-0.8402752884484994,-0.3569372090807703,1,0.004310344827586207,0.9850866678959985,0.9956896551724138,0.011171101300560793,2,0,2,287
MNE,1,9,1,20246,1,0.1111111111111111,4.9392472587177715e-5,Europe & Central Asia,6,15061,1.0971807386901726,undefined,13656,3,1,0,1,0,0,0,1,0,-0.4480769935904787,-0.35349368281299964,-0.8494654140703279,0,0.7207328540014148,-0.3053746732733365,0,0.004310344827586207,0.9956896551724138,0.9956896551724138,0.11446360153256704,1,0,1,8
MNG,0,30,0,20246,0,0,0,East Asia & Pacific,44,99066,0.06331515886310604,undefined,2200,0,1,0,9,0,0,0,0,0,-0.3585225439080108,-0.37174477805347167,-0.8494654140703279,0,-0.7085277981650028,-0.4600622806956379,0,0.004310344827586207,0.9956896551724138,0.004310344827586207,0.004310344827586207,0,0,0,30
MWI,0,180,0,20246,0,0,0,Sub-Saharan Africa,445,181635,1.5212566374646144,59,1031,2,1,0,15,0,0,0,0,59,0.5865125698464534,-0.34600736179724856,0.16514912238644774,1,-0.8543732679958811,-0.3569372090807703,1,0.004310344827586207,0.9956896551724138,0.004310344827586207,0.004310344827586207,0,0,0,180
MYS,19,204,19,20246,1,0.09313725490196079,9.384569791563766e-4,East Asia & Pacific,238,1213484,3.700943928511521,66,7773,19,0.9117647058823528,0.25,62,6,2,6,19,66,0.09867648868143075,-0.30752878090668667,0.28552711823725163,1,-0.013235408629087543,0.5196258996456046,1,0.2521551724137931,0.9082150101419878,0.9956896551724138,0.09664469235970251,19,0,19,185
NAM,0,14,0,20246,0,0,0,Sub-Saharan Africa,21,654333,0.7953356759890753,undefined,5287,1,1,0,1,0,0,0,0,0,-0.41272655292634663,-0.35882223141227254,-0.8494654140703279,0,-0.32339095867148576,-0.4084997448882041,0,0.004310344827586207,0.9956896551724138,0.004310344827586207,0.004310344827586207,0,0,0,14
NGA,0,81,0,20246,0,0,0,Sub-Saharan Africa,55,177394,0.19547526669392104,63,4218,2,1,0,20,0,0,0,0,63,-0.3325988874209806,-0.3694117216464533,0.23393654858690713,1,-0.45676034040733604,-0.3569372090807703,1,0.004310344827586207,0.9956896551724138,0.004310344827586207,0.004310344827586207,0,0,0,81
NIC,0,49,0,20246,0,0,0,Latin America & Caribbean,70,696589,5.412880465611426,undefined,3061,0,1,0,13,0,0,0,0,0,-0.29724844675684853,-0.27730752449395224,-0.8494654140703279,0,-0.601108679666811,-0.4600622806956379,0,0.004310344827586207,0.9956896551724138,0.004310344827586207,0.004310344827586207,0,0,0,49
NPL,3,22,3,20246,1,0.13636363636363635,1.4817741776153315e-4,South Asia,87,284374,1.9331361952346964,undefined,1006,2,0.8571428571428571,0,12,2,0,0,3,0,-0.2571846140041655,-0.3387363459290903,-0.8494654140703279,0,-0.8574922900196381,-0.3569372090807703,0,0.004310344827586207,0.854064039408867,0.9956896551724138,0.13949843260188086,3,0,3,19
NZL,21,24,22,20246,0.9545454545454546,0.875,0.0010866343969179097,East Asia & Pacific,23,5993842,22.323849606137916,116,19041,8,0.08695652173913043,0.04545454545454545,2,21,1,21,22,116,-0.4080131608377957,0.021226167327046096,1.1453699457429936,1,1.3925701979186773,-0.0475619942361674,1,0.04937304075235109,0.09051724137931035,0.950626959247649,0.8717672413793104,21,1,21,3
OMN,1,10,1,20246,1,0.1,4.9392472587177715e-5,Middle East & North Africa,7,154551,0.4966084321670367,undefined,11567,1,1,0,6,0,0,0,1,0,-0.44572029754620324,-0.3640957403522178,-0.8494654140703279,0,0.4601073736962781,-0.4084997448882041,0,0.004310344827586207,0.9956896551724138,0.9956896551724138,0.10344827586206896,1,0,1,9
PAK,16,44,16,20246,1,0.36363636363636365,7.902795613948434e-4,South Asia,68,201127,0.2304021243179649,76,2422,6,0.72,0,18,7,0,0,16,76,-0.30196183884539946,-0.36879514883719755,0.45749568373840005,1,-0.6808308825940405,-0.15068706585103503,1,0.004310344827586207,0.718103448275862,0.9956896551724138,0.36481191222570536,16,0,16,28
PAN,1,126,2,20246,0.5,0.007936507936507936,9.878494517435543e-5,Latin America & Caribbean,136,2209065,29.639943646853613,undefined,6274,1,0.98,0,49,1,0,0,2,0,-0.14170650783466737,0.15037905889316866,-0.8494654140703279,0,-0.20025196917355856,-0.4084997448882041,0,0.004310344827586207,0.9758620689655173,0.5,0.012178434592227694,1,1,1,125
PER,111,583,113,20246,0.9823008849557522,0.19039451114922812,0.0055813494023510815,Latin America & Caribbean,1019,3059942,2.372294486404014,199,3979,5,0.6069364161849711,0,105,68,0,0,113,199,1.9392560992605743,-0.3309837715575605,2.5727090394025254,1,-0.48657819095445315,-0.20224960165846884,1,0.004310344827586207,0.6060145505282041,0.9781431187061336,0.19306352398414858,111,2,111,472
PHL,34,94,35,20246,0.9714285714285714,0.3617021276595745,0.00172873654055122,East Asia & Pacific,86,683242,2.32999928385572,77,3239,10,0.5573770491803278,0,34,27,0,0,35,77,-0.259541310048441,-0.33173041965668093,0.47469254028851493,1,-0.578901242857661,0.055563077378700226,1,0.004310344827586207,0.5568824194460146,0.9673645320197044,0.362894350696992,34,1,34,60
PRT,4,13,7,20246,0.5714285714285714,0.3076923076923077,3.45747308110244e-4,Europe & Central Asia,19,7342893,80.3459093346172,undefined,12536,3,0.42857142857142855,0.3333333333333333,3,4,2,4,7,0,-0.41743994501489756,1.045504524993195,-0.8494654140703279,0,0.5810006673371002,-0.3053746732733365,0,0.3347701149425287,0.4291871921182266,0.5708128078817734,0.3093501326259947,4,3,4,9
PRY,8,114,8,20246,1,0.07017543859649122,3.951397806974217e-4,Latin America & Caribbean,266,492366,1.2312197268824032,212,3690,3,0.6842105263157895,0,13,6,0,0,8,212,0.16466397792114396,-0.3511274580472597,2.7962681745540183,1,-0.5226340855490843,-0.3053746732733365,1,0.004310344827586207,0.6826225045372051,0.9956896551724138,0.07388082274652148,8,0,8,106
ROU,9,14,34,20246,0.2647058823529412,0.6428571428571429,0.0016793440679640423,Europe & Central Asia,15,168863,0.7143799946695322,undefined,6586,6,0.42857142857142855,0.8095238095238095,3,4,17,4,34,0,-0.42686672919199947,-0.360251362895949,-0.8494654140703279,0,-0.16132657431707093,-0.15068706585103503,0,0.8068555008210181,0.4291871921182266,0.2667342799188641,0.6416256157635468,9,25,9,5
RUS,138,191,386,20246,0.35751295336787564,0.7225130890052356,0.0190654944186506,Europe & Central Asia,145,2765350,0.1628573279466673,undefined,15960,20,0.136986301369863,0.5961538461538461,10,63,93,63,386,0,-0.12049624343618813,-0.36998753451636585,-0.8494654140703279,0,1.008181923710862,0.5711884354530383,0,0.5953249336870027,0.14011572980632972,0.3587412899767733,0.7205948727207077,138,248,138,53
RWA,0,29,0,20246,0,0,0,Sub-Saharan Africa,23,74996,2.9636830665876306,61,917,0,1,0,4,0,0,0,0,61,-0.4080131608377957,-0.3205438367036851,0.19954283548667742,1,-0.8685960084242131,-0.4600622806956379,1,0.004310344827586207,0.9956896551724138,0.004310344827586207,0.004310344827586207,0,0,0,29
SAU,0,6,0,20246,0,0,0,Middle East & North Africa,6,292192,0.15204672885038178,undefined,20208,4,1,0,6,0,0,0,0,0,-0.4480769935904787,-0.37017837680530813,-0.8494654140703279,0,1.5381661459876552,-0.25381213746590264,0,0.004310344827586207,0.9956896551724138,0.004310344827586207,0.004310344827586207,0,0,0,6
SDN,0,54,0,20246,0,0,0,Sub-Saharan Africa,15,58713,0.0316062826052668,67,1878,1,1,0,8,0,0,0,0,67,-0.42686672919199947,-0.3723045430092282,0.30272397478736646,1,-0.7487008018309933,-0.4084997448882041,1,0.004310344827586207,0.9956896551724138,0.004310344827586207,0.004310344827586207,0,0,0,54
SEN,0,48,1,20246,0,0,4.9392472587177715e-5,Sub-Saharan Africa,33,275367,1.4033298679060666,undefined,1912,1,1,0,5,0,0,0,1,0,-0.38444620039504096,-0.34808915341949626,-0.8494654140703279,0,-0.7444589318786837,-0.4084997448882041,0,0.004310344827586207,0.9956896551724138,0.004310344827586207,0.004310344827586207,0,1,0,48
SGP,3,12,263,20246,0.011406844106463879,0.25,0.01299022029042774,East Asia & Pacific,14,182434,357.013698630137,undefined,13555,4,0.5,0.9938650306748468,1,1,162,1,263,0,-0.42922342523627494,5.929592235165328,-0.8494654140703279,0,0.7081320050254364,-0.25381213746590264,0,0.9896075735138568,0.5,0.015618854071063327,0.2521551724137931,3,260,3,9
SLE,0,53,0,20246,0,0,0,Sub-Saharan Africa,33,52392,0.7316092275037703,62,1602,0,1,0,15,0,0,0,0,62,-0.38444620039504096,-0.3599472108132087,0.21673969203679228,1,-0.7831348049732708,-0.4600622806956379,1,0.004310344827586207,0.9956896551724138,0.004310344827586207,0.004310344827586207,0,0,0,53
SLV,0,9,0,20246,0,0,0,Latin America & Caribbean,22,328058,15.972442670042362,undefined,2911,0,1,0,1,0,0,0,0,0,-0.41036985688207117,-0.09089685443083464,-0.8494654140703279,0,-0.6198228118093531,-0.4600622806956379,0,0.004310344827586207,0.9956896551724138,0.004310344827586207,0.004310344827586207,0,0,0,9
SWE,5,10,200,20246,0.025,0.5,0.009878494517435542,Europe & Central Asia,4,68377610,153.25186360600478,undefined,25070,10,0.5,0.9887640449438202,1,1,88,1,200,0,-0.4527903856790297,2.3325321047556997,-0.8494654140703279,0,2.1447535491679206,0.055563077378700226,0,0.9845505617977528,0.5,0.029094827586206896,0.5,5,195,5,5
SYC,0,2,0,20246,0,0,0,Sub-Saharan Africa,2,90194,206.86697247706425,47,13625,1,1,0,1,0,0,0,0,47,-0.4575037777675806,3.2790134244042926,-0.04121315621493036,1,0.716865266691956,-0.4084997448882041,1,0.004310344827586207,0.9956896551724138,0.004310344827586207,0.004310344827586207,0,0,0,2
SYR,0,46,0,20246,0,0,0,Middle East & North Africa,62,22908,0.1232016951796019,77,4929,0,1,0,4,0,0,0,0,77,-0.3161020151110523,-0.3706875856106038,0.47469254028851493,1,-0.3680553540516863,-0.4600622806956379,1,0.004310344827586207,0.9956896551724138,0.004310344827586207,0.004310344827586207,0,0,0,46
TCD,0,35,0,20246,0,0,0,Sub-Saharan Africa,23,41762,0.03298001550997329,63,1262,1,1,0,8,0,0,0,0,63,-0.4080131608377957,-0.37228029214860575,0.23393654858690713,1,-0.8255535044963662,-0.4084997448882041,1,0.004310344827586207,0.9956896551724138,0.004310344827586207,0.004310344827586207,0,0,0,35
TGO,0,6,0,20246,0,0,0,Sub-Saharan Africa,5,90465,1.5909290751455254,63,1389,0,1,0,1,0,0,0,0,63,-0.45043368963475416,-0.3447774163182987,0.23393654858690713,1,-0.8097088726156806,-0.4600622806956379,1,0.004310344827586207,0.9956896551724138,0.004310344827586207,0.004310344827586207,0,0,0,6
THA,58,438,63,20246,0.9206349206349206,0.1324200913242009,0.003111725772992196,East Asia & Pacific,404,1066632,2.0733282275966367,undefined,4611,16,0.7596899224806202,0.20512820512820512,98,31,8,31,63,0,0.48988803203115905,-0.33626149989057424,-0.8494654140703279,0,-0.40772931419387565,0.3649382922233031,0,0.2076702033598585,0.757451216252339,0.9170087575259989,0.13558888364037158,58,5,58,380
TJK,0,8,0,20246,0,0,0,Europe & Central Asia,7,11326,0.07962710386816463,32,2282,0,1,0,1,0,0,0,0,32,-0.44572029754620324,-0.37145681908892764,-0.299166004466653,1,-0.6982974059270798,-0.4600622806956379,1,0.004310344827586207,0.9956896551724138,0.004310344827586207,0.004310344827586207,0,0,0,8
TTO,0,29,0,20246,0,0,0,Latin America & Caribbean,33,403957,78.85164942416554,61,12122,1,1,0,6,0,0,0,0,61,-0.38444620039504096,1.0191259701096538,0.19954283548667742,1,0.529349662623684,-0.4084997448882041,1,0.004310344827586207,0.9956896551724138,0.004310344827586207,0.004310344827586207,0,0,0,29
TUR,142,239,143,20246,0.993006993006993,0.5941422594142259,0.007063123579966413,Europe & Central Asia,284,1131665,1.4507037739719002,undefined,9473,10,0.3956043956043956,0,72,110,0,0,143,0,0.20708450671810244,-0.3472528496597122,-0.8494654140703279,0,0.19885808898638993,0.055563077378700226,0,0.004310344827586207,0.3965043577112542,0.98875693272245,0.5933306882123792,142,1,142,97
TWN,10,62,12,20246,0.8333333333333334,0.16129032258064516,5.927096710461326e-4,East Asia & Pacific,60,6158622,170.1370793966518,undefined,16079,15,0.6785714285714286,0.1,19,9,1,9,12,0,-0.3208154071996032,2.630611166061298,-0.8494654140703279,0,1.0230284685439455,0.3133757564158693,0,0.10344827586206896,0.6770320197044335,0.8304597701149427,0.16421023359288098,10,2,10,52
TZA,0,578,0,20246,0,0,0,Sub-Saharan Africa,987,804736,0.8547327367005626,62,1795,3,1,0,95,0,0,0,0,62,1.8638418258437592,-0.35777367980827124,0.21673969203679228,1,-0.7590559549498666,-0.3053746732733365,1,0.004310344827586207,0.9956896551724138,0.004310344827586207,0.004310344827586207,0,0,0,578
UGA,0,204,0,20246,0,0,0,Sub-Saharan Africa,246,460441,1.9037973322748432,61,1223,0,1,0,10,0,0,0,0,61,0.11753005703563452,-0.339254272429958,0.19954283548667742,1,-0.8304191788534272,-0.4600622806956379,1,0.004310344827586207,0.9956896551724138,0.004310344827586207,0.004310344827586207,0,0,0,204
UKR,0,34,0,20246,0,0,0,Europe & Central Asia,6,375447,0.6563770216381498,undefined,8256,6,1,0,1,0,0,0,0,0,-0.4480769935904787,-0.3612753043112376,-0.8494654140703279,0,0.04702409686989811,-0.15068706585103503,0,0.004310344827586207,0.9956896551724138,0.004310344827586207,0.004310344827586207,0,0,0,34
URY,41,68,43,20246,0.9534883720930233,0.6029411764705882,0.0021238763212486416,Latin America & Caribbean,279,150955,0.8511940003947109,undefined,9475,8,0.07142857142857142,0.07142857142857142,1,13,1,13,43,0,0.1953010264967251,-0.3578361500312956,-0.8494654140703279,0,0.1991076107482905,-0.0475619942361674,0,0.0751231527093596,0.0751231527093596,0.94957898957498,0.6020537525354969,41,2,41,27
USA,1229,1347,4976,20246,0.24698553054662378,0.9123979213066072,0.24577694359379632,North America,754,325808254,34.424861981777894,undefined,35865,122,0.05245901639344262,0.7101303911735206,32,578,1416,578,4976,0,1.3147316475275743,0.23484845409558092,-0.8494654140703279,0,3.4915472590262024,5.830567087811287,0,0.7083189222840938,0.056317128321085354,0.24916668976604944,0.9088427668125847,1229,3747,1229,118
UZB,0,23,0,20246,0,0,0,Europe & Central Asia,18,22297,0.04978898242636714,32,4125,1,1,0,3,0,0,0,0,32,-0.4197966410591731,-0.37198355912830694,-0.299166004466653,1,-0.46836310233571216,-0.4084997448882041,1,0.004310344827586207,0.9956896551724138,0.004310344827586207,0.004310344827586207,0,0,0,23
VEN,255,529,258,20246,0.9883720930232558,0.4820415879017013,0.01274325792749185,Latin America & Caribbean,883,1356048,1.4857804015409497,undefined,7953,18,0.4444444444444444,0.0196078431372549,80,100,2,100,258,0,1.6187454372391101,-0.34663363292306026,-0.8494654140703279,0,0.009221549941963014,0.46806336383817077,0,0.023749154834347534,0.44492337164750956,0.9841619887730553,0.4821964017991004,255,3,255,274
VNM,79,231,80,20246,0.9875,0.341991341991342,0.003951397806974217,East Asia & Pacific,336,320854,0.9755603663208592,69,1200,14,0.6612903225806451,0.02325581395348837,82,42,1,42,80,69,0.32963270102042697,-0.355640678556552,0.33711768788759616,1,-0.8332886791152837,0.2618132206084355,1,0.027365677626303122,0.6598998887652947,0.9832974137931034,0.34335348559486495,79,1,79,152
YEM,0,13,0,20246,0,0,0,Middle East & North Africa,4,64329,0.14198280200231309,undefined,2705,1,1,0,4,0,0,0,0,0,-0.4527903856790297,-0.37035603789682836,-0.8494654140703279,0,-0.645523553285111,-0.4084997448882041,0,0.004310344827586207,0.9956896551724138,0.004310344827586207,0.004310344827586207,0,0,0,13
ZAF,79,143,186,20246,0.42473118279569894,0.5524475524475524,0.009186999901215055,Sub-Saharan Africa,48,19344208,15.858156935368704,113,8136,13,0.35135135135135137,0.5102040816326531,13,24,25,24,186,113,-0.3490957597309089,-0.09291436992690633,1.0937793760926493,1,0.03205279115586441,0.21025068480100167,1,0.5101161154116819,0.35263280521901214,0.4253800519095291,0.5519954183747288,79,107,79,64
ZMB,0,66,0,20246,0,0,0,Sub-Saharan Africa,309,214275,0.28497237054720276,59,1719,0,1,0,18,0,0,0,0,59,0.2660019078249892,-0.36783180623187317,0.16514912238644774,1,-0.7685377819020879,-0.4600622806956379,1,0.004310344827586207,0.9956896551724138,0.004310344827586207,0.004310344827586207,0,0,0,66
